,作　業　証　明　書,,,,,,,,,,,,（ 日勤 ・ 夜勤 ）,,,,,,,,,,,,,,,,作　業　証　明　書,,,,,,,,,,,,（ 日勤 ・ 夜勤 ）,,,,,,,,,,,,,
,,,,,,,,,,,,,,,,,,,,年,,,月,,,日,,,,,,,,,,,,,,,,,,,,,,年,,,月,,,日
,会社名：,,,,,,,,,,,,,様,,,総工数,,,早・残,,,確 認 印,,,,,,会社名：,,,,,,,,,,,,,様,,,総工数,,,早・残,,,確 認 印,,,
,,,,,,,,,,,,,,,,,,,,,,,,,,,,,,,,,,,,,,,,,,,,,,,,,,,,,,
,現場名：,,,,,,,,,,,,,,,,,,,,,,,,,,,,現場名：,,,,,,,,,,,,,,,,,,,,,,,,,
,,,,,,,,,,,,,,,,,,,人,,,ｈ,,,,,,,,,,,,,,,,,,,,,,,,,人,,,ｈ,,,,
,,氏　　　名,,,,,,,,,,早・残,,,氏　　　名,,,,,,,,,,早・残,,,,,氏　　　名,,,,,,,,,,早・残,,,氏　　　名,,,,,,,,,,早・残,
,1,,,,,,,,,,,ｈ,,7,,,,,,,,,,,ｈ,,,,1,,,,,,,,,,,ｈ,,7,,,,,,,,,,,ｈ,
,,,,,,,,,,,,,,,,,,,,,,,,,,,,,,,,,,,,,,,,,,,,,,,,,,,,,,
,2,,,,,,,,,,,ｈ,,8,,,,,,,,,,,ｈ,,,,2,,,,,,,,,,,ｈ,,8,,,,,,,,,,,ｈ,
,,,,,,,,,,,,,,,,,,,,,,,,,,,,,,,,,,,,,,,,,,,,,,,,,,,,,,
,3,,,,,,,,,,,ｈ,,9,,,,,,,,,,,ｈ,,,,3,,,,,,,,,,,ｈ,,9,,,,,,,,,,,ｈ,
,,,,,,,,,,,,,,,,,,,,,,,,,,,,,,,,,,,,,,,,,,,,,,,,,,,,,,
,4,,,,,,,,,,,ｈ,,10,,,,,,,,,,,ｈ,,,,4,,,,,,,,,,,ｈ,,10,,,,,,,,,,,ｈ,
,,,,,,,,,,,,,,,,,,,,,,,,,,,,,,,,,,,,,,,,,,,,,,,,,,,,,,
,5,,,,,,,,,,,ｈ,,11,,,,,,,,,,,ｈ,,,,5,,,,,,,,,,,ｈ,,11,,,,,,,,,,,ｈ,
,,,,,,,,,,,,,,,,,,,,,,,,,,,,,,,,,,,,,,,,,,,,,,,,,,,,,,
,6,,,,,,,,,,,ｈ,,12,,,,,,,,,,,ｈ,,,,6,,,,,,,,,,,ｈ,,12,,,,,,,,,,,ｈ,
,,,,,,,,,,,,,,,,,,,,,,,,,,,,,,,,,,,,,,,,,,,,,,,,,,,,,,
,作　業　内　容,,,,,,,,,,,,,,,,,,,,,,,,請負・常庸,,,,作　業　内　容,,,,,,,,,,,,,,,,,,,,,,,,請負・常庸,
,,,,,,,,,,,,,,,,,,,,,人工,,,h,請 ・ 常,,,,,,,,,,,,,,,,,,,,,,,,人工,,,h,請 ・ 常,
,,,,,,,,,,,,,,,,,,,,,,,,,,,,,,,,,,,,,,,,,,,,,,,,,,,,,,
,,,,,,,,,,,,,,,,,,,,,人工,,,h,請 ・ 常,,,,,,,,,,,,,,,,,,,,,,,,人工,,,h,請 ・ 常,
,,,,,,,,,,,,,,,,,,,,,,,,,,,,,,,,,,,,,,,,,,,,,,,,,,,,,,
,,,,,,,,,,,,,,,,,,,,,人工,,,h,請 ・ 常,,,,,,,,,,,,,,,,,,,,,,,,人工,,,h,請 ・ 常,
,,,,,,,,,,,,,,,,,,,,,,,,,,,,,,,,,,,,,,,,,,,,,,,,,,,,,,
,,,,,,,,,,,,,,,,,,,,,人工,,,h,請 ・ 常,,,,,,,,,,,,,,,,,,,,,,,,人工,,,h,請 ・ 常,
,,,,,,,,,,,,,,,,,,,,,,,,,,,,,,,,,,,,,,,,,,,,,,,,,,,,,,
,,,,,,,,,,,,,,,,,,,,,人工,,,h,請 ・ 常,,,,,,,,,,,,,,,,,,,,,,,,人工,,,h,請 ・ 常,
,,,,,,,,,,,,,,,,,,,,,,,,,,,,,,,,,,,,,,,,,,,,,,,,,,,,,,
,,,,,,,,,,,,,,,,,,,,,人工,,,h,請 ・ 常,,,,,,,,,,,,,,,,,,,,,,,,人工,,,h,請 ・ 常,
,,,,,,,,,,,,,,,,,,,,,,,,,,,,,,,,,,,,,,,,,,,,,,,,,,,,,,
,,,,,,,,,,,,,,,,,,,,,人工,,,h,請 ・ 常,,,,,,,,,,,,,,,,,,,,,,,,人工,,,h,請 ・ 常,
,,,,,,,,,,,,,,,,,,,,,,,,,,,,,,,,,,,,,,,,,,,,,,,,,,,,,,
,備考：,,,,,,,,,,,,,,,,,,,,,,,,,,,,備考：,,,,,,,,,,,,,,,,,,,,,,,,,
,,,,,,,,,,,,,,,,,,,,,,,,,,,,,,,,,,,,,,,,,,,,,,,,,,,,,,
,,,,,,,,,,,,,,,,,,,,,,,,,,,,,,,,,,,,,,,,,,,,,,,,,,,,,,
,,,,,,,,,,,,,,,,,,,,,,,,,,,,,,,,,,,,,,,,,,,,,,,,,,,,,,
,,,,,,,,,,,,,,,,,,,,,,,,,,,,,,,,,,,,,,,,,,,,,,,,,,,,,,
,,,,,,,,,,,,,,,,,,,,,,,,,,,,,,,,,,,,,,,,,,,,,,,,,,,,,,
,,,,,,,,,,,,,,,,,,,,,,,,,,,,,,,,,,,,,,,,,,,,,,,,,,,,,,
,,,,,,,,,,,,,,,,,,,,,,,,,,,,,,,,,,,,,,,,,,,,,,,,,,,,,,
,,,,,,,,,,,,,,,,,,,,,,,,,,,,,,,,,,,,,,,,,,,,,,,,,,,,,,
,,,,,,,,,,,,,,,,,,,,,,,,,,,,,,,,,,,,,,,,,,,,,,,,,,,,,,
,,,,,,,,,,,,,,,,,,,,,,,,,,,,,,,,,,,,,,,,,,,,,,,,,,,,,,
,,,,,,,,,,,,,,,,,,,,,,,,,,,,,,,,,,,,,,,,,,,,,,,,,,,,,,
,,,,,,,,,,,,,,,,,,,,,,,,,,,,,,,,,,,,,,,,,,,,,,,,,,,,,,
